{
    "loss_2023061010": 4.335293292999268,
    "accuracy_2023061010": 0.8197425007820129
}