{
    "loss_2023060914": 3.4073994159698486,
    "accuracy_2023060914": 0.5665236115455627
}